id,ORIENTATION
5119,Surendettement
2519,Accompagnement
6320,Surendettement
2841,Accompagnement
7840,Accompagnement
1613,Accompagnement
4883,Accompagnement
75,Surendettement
5836,Accompagnement
7773,Surendettement
233,Surendettement
7881,Accompagnement
1733,Accompagnement
3035,Surendettement
6124,Accompagnement
5489,Surendettement
1342,Surendettement
4676,Accompagnement
5359,Accompagnement
296,Surendettement
1018,Surendettement
1945,Surendettement
599,Accompagnement
2045,Accompagnement
41,Accompagnement
1595,Surendettement
3805,Accompagnement
1231,Accompagnement
6106,Surendettement
339,Surendettement
5801,Surendettement
3016,Surendettement
2034,Aucune
147,Surendettement
7894,Surendettement
4428,Surendettement
892,Surendettement
5932,Accompagnement
3166,Surendettement
3754,Accompagnement
2241,Surendettement
2910,Surendettement
1354,Accompagnement
4212,Accompagnement
4304,Surendettement
1927,Surendettement
3010,Accompagnement
1782,Surendettement
6372,Mediation
7675,Accompagnement
4799,Surendettement
3620,Surendettement
5902,Accompagnement
5649,Accompagnement
5541,Surendettement
71,Accompagnement
4029,Surendettement
3587,Surendettement
7716,Accompagnement
4750,Accompagnement
6273,Surendettement
6489,Surendettement
4912,Surendettement
639,Surendettement
3997,Surendettement
2934,Surendettement
2309,Surendettement
5935,Surendettement
7712,Accompagnement
6848,Surendettement
2181,Surendettement
4278,Surendettement
5336,Surendettement
3828,Surendettement
882,Surendettement
2201,Surendettement
6353,Accompagnement
5304,Accompagnement
5518,Accompagnement
7357,Accompagnement
7348,Surendettement
5276,Surendettement
1729,Surendettement
936,Accompagnement
5699,Surendettement
2257,Accompagnement
1404,Surendettement
7538,Accompagnement
5003,Accompagnement
4451,Surendettement
3802,Surendettement
6503,Accompagnement
7580,Accompagnement
6324,Surendettement
5075,Surendettement
4334,Surendettement
7519,Accompagnement
5398,Surendettement
6820,Accompagnement
1357,Surendettement
3340,Accompagnement
5486,Surendettement
7537,Accompagnement
4280,Accompagnement
1629,Surendettement
4319,Accompagnement
549,Accompagnement
376,Accompagnement
643,Surendettement
6345,Surendettement
5912,Mediation
3930,Accompagnement
1565,Surendettement
4592,Surendettement
1896,Accompagnement
87,Surendettement
3131,Surendettement
3375,Accompagnement
5390,Accompagnement
3494,Surendettement
1163,Surendettement
6544,Surendettement
3082,Surendettement
7222,Surendettement
1745,Surendettement
5472,Accompagnement
4092,Accompagnement
4862,Accompagnement
2710,Surendettement
5407,Accompagnement
3143,Surendettement
6988,Accompagnement
735,Aucune
6338,Accompagnement
2510,Accompagnement
6831,Accompagnement
6750,Surendettement
6731,Surendettement
1847,Surendettement
6237,Surendettement
2658,Surendettement
3858,Accompagnement
3539,Surendettement
2589,Surendettement
1262,Accompagnement
4007,Accompagnement
7458,Accompagnement
5094,Surendettement
6463,Accompagnement
795,Accompagnement
5799,Accompagnement
4062,Accompagnement
5915,Mediation
6891,Accompagnement
3647,Surendettement
2623,Accompagnement
4548,Surendettement
4544,Accompagnement
3081,Surendettement
4489,Accompagnement
5791,Surendettement
5817,Surendettement
4064,Surendettement
4418,Surendettement
136,Surendettement
5842,Surendettement
4235,Accompagnement
5547,Surendettement
585,Surendettement
2142,Surendettement
460,Surendettement
6817,Surendettement
1980,Accompagnement
7901,Surendettement
145,Accompagnement
6927,Surendettement
3660,Accompagnement
5373,Accompagnement
5173,Surendettement
3303,Surendettement
6924,Surendettement
4283,Surendettement
4397,Surendettement
2787,Surendettement
15,Accompagnement
4318,Accompagnement
2022,Accompagnement
3200,Accompagnement
5756,Surendettement
4303,Surendettement
4947,Accompagnement
2783,Surendettement
1505,Surendettement
4999,Surendettement
7096,Accompagnement
1011,Accompagnement
4569,Accompagnement
6266,Surendettement
1142,Surendettement
4022,Accompagnement
2186,Accompagnement
2536,Accompagnement
6632,Accompagnement
7511,Accompagnement
5350,Surendettement
2575,Surendettement
3945,Accompagnement
5274,Surendettement
3632,Accompagnement
302,Accompagnement
1669,Surendettement
5955,Surendettement
5829,Mediation
1209,Surendettement
7491,Surendettement
3042,Surendettement
2322,Surendettement
3173,Surendettement
4084,Surendettement
6997,Accompagnement
5338,Accompagnement
6715,Surendettement
6291,Accompagnement
6629,Mediation
3645,Accompagnement
2722,Accompagnement
7853,Surendettement
1273,Surendettement
474,Surendettement
2356,Accompagnement
4671,Accompagnement
317,Surendettement
2103,Accompagnement
7597,Surendettement
4590,Surendettement
537,Surendettement
7126,Accompagnement
533,Surendettement
3843,Surendettement
367,Surendettement
4134,Surendettement
5206,Surendettement
3907,Surendettement
4024,Accompagnement
1630,Surendettement
7047,Surendettement
7737,Surendettement
415,Surendettement
6621,Accompagnement
5258,Accompagnement
6060,Accompagnement
6004,Accompagnement
5490,Accompagnement
1863,Surendettement
7056,Accompagnement
5051,Surendettement
3290,Surendettement
6488,Accompagnement
270,Accompagnement
7404,Accompagnement
61,Accompagnement
4712,Surendettement
6931,Accompagnement
1210,Surendettement
2001,Surendettement
475,Surendettement
3673,Surendettement
6294,Accompagnement
3622,Surendettement
5216,Mediation
947,Surendettement
7078,Surendettement
875,Surendettement
1721,Surendettement
1119,Accompagnement
1144,Surendettement
7899,Accompagnement
2206,Surendettement
1445,Surendettement
1288,Surendettement
1906,Surendettement
5506,Accompagnement
427,Surendettement
363,Accompagnement
5867,Accompagnement
7113,Accompagnement
516,Surendettement
1237,Accompagnement
6542,Accompagnement
4794,Surendettement
2844,Surendettement
4943,Accompagnement
3681,Accompagnement
2803,Surendettement
3202,Accompagnement
1761,Surendettement
7238,Accompagnement
6585,Accompagnement
889,Accompagnement
5598,Accompagnement
2259,Accompagnement
4161,Surendettement
5335,Surendettement
7292,Accompagnement
1054,Accompagnement
7299,Surendettement
7045,Accompagnement
646,Surendettement
7757,Accompagnement
3317,Surendettement
1666,Surendettement
5602,Surendettement
1859,Surendettement
1981,Accompagnement
2638,Accompagnement
7830,Surendettement
3447,Accompagnement
7142,Surendettement
1924,Aucune
1287,Surendettement
1366,Surendettement
645,Surendettement
6844,Accompagnement
4843,Surendettement
236,Surendettement
1607,Surendettement
4779,Surendettement
7808,Surendettement
2360,Accompagnement
7818,Accompagnement
299,Surendettement
3630,Accompagnement
7779,Surendettement
5484,Surendettement
3650,Surendettement
1889,Accompagnement
2150,Mediation
262,Surendettement
1250,Accompagnement
2854,Accompagnement
4960,Surendettement
431,Accompagnement
978,Surendettement
3507,Accompagnement
1254,Accompagnement
4290,Surendettement
2373,Accompagnement
6155,Accompagnement
6462,Accompagnement
5264,Accompagnement
7182,Surendettement
2561,Surendettement
507,Surendettement
2321,Surendettement
891,Accompagnement
6040,Surendettement
47,Surendettement
6020,Surendettement
1239,Surendettement
2509,Surendettement
6703,Surendettement
1076,Accompagnement
4860,Accompagnement
2123,Surendettement
4683,Surendettement
2527,Accompagnement
1091,Surendettement
3877,Surendettement
1426,Surendettement
3512,Accompagnement
7585,Surendettement
2484,Accompagnement
3410,Surendettement
3516,Surendettement
7219,Surendettement
7807,Accompagnement
1650,Surendettement
7140,Surendettement
3261,Accompagnement
2945,Accompagnement
972,Surendettement
2862,Surendettement
4738,Surendettement
6894,Surendettement
3738,Surendettement
1574,Surendettement
1260,Surendettement
7298,Accompagnement
7455,Surendettement
4005,Accompagnement
676,Surendettement
3548,Surendettement
5288,Surendettement
6980,Surendettement
6076,Surendettement
2007,Accompagnement
3974,Accompagnement
4286,Accompagnement
5054,Accompagnement
1584,Accompagnement
7108,Surendettement
403,Surendettement
1063,Surendettement
3439,Surendettement
3581,Surendettement
3786,Surendettement
7914,Accompagnement
5347,Surendettement
684,Accompagnement
6647,Surendettement
2823,Accompagnement
4047,Accompagnement
4292,Accompagnement
1836,Accompagnement
3213,Surendettement
2270,Surendettement
5769,Accompagnement
6926,Surendettement
6593,Accompagnement
701,Accompagnement
5612,Surendettement
5424,Accompagnement
3513,Accompagnement
398,Accompagnement
2254,Surendettement
3766,Surendettement
4393,Surendettement
7489,Surendettement
2256,Surendettement
2232,Accompagnement
6517,Accompagnement
1050,Accompagnement
1027,Surendettement
5920,Surendettement
6947,Accompagnement
4757,Surendettement
7271,Surendettement
5925,Surendettement
1371,Accompagnement
6955,Surendettement
661,Surendettement
1503,Surendettement
4571,Accompagnement
7397,Surendettement
721,Accompagnement
3427,Surendettement
2941,Surendettement
3298,Accompagnement
682,Accompagnement
6498,Accompagnement
6420,Accompagnement
7643,Surendettement
144,Accompagnement
3186,Accompagnement
4112,Surendettement
3572,Accompagnement
4380,Accompagnement
2645,Accompagnement
6232,Accompagnement
3181,Accompagnement
5885,Accompagnement
4669,Surendettement
3169,Accompagnement
6028,Surendettement
6967,Accompagnement
20,Surendettement
6592,Accompagnement
6317,Accompagnement
1845,Surendettement
7559,Mediation
290,Accompagnement
5451,Surendettement
4922,Accompagnement
3961,Accompagnement
1157,Accompagnement
5012,Accompagnement
4987,Accompagnement
2739,Surendettement
6804,Accompagnement
3116,Accompagnement
2296,Surendettement
2265,Accompagnement
5314,Accompagnement
2019,Surendettement
6033,Surendettement
6943,Accompagnement
5247,Surendettement
3953,Surendettement
511,Surendettement
2986,Surendettement
1184,Surendettement
216,Accompagnement
3872,Accompagnement
6139,Accompagnement
4001,Accompagnement
6189,Accompagnement
4504,Accompagnement
1434,Surendettement
3045,Accompagnement
457,Surendettement
3971,Accompagnement
3555,Accompagnement
3605,Accompagnement
4733,Surendettement
6163,Accompagnement
6104,Surendettement
82,Surendettement
7410,Mediation
3412,Surendettement
1918,Surendettement
1949,Surendettement
7456,Accompagnement
802,Surendettement
5864,Accompagnement
934,Surendettement
5076,Surendettement
689,Surendettement
3049,Accompagnement
3031,Surendettement
7339,Surendettement
4227,Accompagnement
1181,Surendettement
1792,Surendettement
1355,Surendettement
4021,Accompagnement
2962,Accompagnement
3179,Accompagnement
4638,Surendettement
4722,Accompagnement
2938,Surendettement
6138,Surendettement
5174,Accompagnement
3522,Accompagnement
7332,Accompagnement
1450,Surendettement
2745,Surendettement
896,Surendettement
1960,Accompagnement
6218,Surendettement
5783,Accompagnement
6386,Accompagnement
7653,Accompagnement
903,Surendettement
3550,Surendettement
4944,Accompagnement
7463,Accompagnement
2610,Accompagnement
4766,Surendettement
5669,Accompagnement
6814,Accompagnement
7631,Accompagnement
77,Surendettement
6712,Accompagnement
1775,Surendettement
4760,Accompagnement
4664,Surendettement
2882,Accompagnement
3933,Surendettement
4299,Accompagnement
524,Surendettement
5684,Accompagnement
1473,Surendettement
5805,Surendettement
798,Surendettement
4034,Accompagnement
7279,Accompagnement
7646,Accompagnement
4884,Accompagnement
1532,Surendettement
2239,Surendettement
7548,Accompagnement
642,Surendettement
1203,Surendettement
133,Surendettement
5727,Surendettement
1880,Surendettement
3571,Surendettement
2374,Accompagnement
4426,Surendettement
1055,Surendettement
514,Surendettement
2335,Accompagnement
1456,Surendettement
5496,Surendettement
4240,Surendettement
2112,Surendettement
7900,Surendettement
7341,Accompagnement
157,Accompagnement
5776,Accompagnement
4068,Accompagnement
4851,Mediation
1674,Surendettement
5077,Accompagnement
4865,Accompagnement
2681,Accompagnement
3443,Accompagnement
5361,Accompagnement
7221,Surendettement
7805,Accompagnement
7203,Accompagnement
2391,Accompagnement
6606,Mediation
6559,Surendettement
3899,Surendettement
5966,Surendettement
5453,Surendettement
5349,Accompagnement
5294,Accompagnement
648,Accompagnement
2504,Accompagnement
2404,Accompagnement
2738,Accompagnement
6566,Accompagnement
4293,Accompagnement
7313,Surendettement
1815,Surendettement
7711,Accompagnement
3030,Surendettement
7094,Mediation
7441,Surendettement
1785,Mediation
7827,Accompagnement
874,Surendettement
7867,Accompagnement
3216,Accompagnement
5546,Surendettement
539,Surendettement
6928,Accompagnement
3703,Accompagnement
4500,Surendettement
4378,Accompagnement
5086,Accompagnement
5348,Surendettement
2926,Accompagnement
1701,Surendettement
7667,Surendettement
2861,Surendettement
7436,Surendettement
704,Accompagnement
5697,Surendettement
6253,Surendettement
940,Surendettement
3769,Accompagnement
7101,Accompagnement
5126,Surendettement
2729,Surendettement
5917,Accompagnement
6823,Accompagnement
4413,Surendettement
2869,Accompagnement
1121,Surendettement
3250,Accompagnement
2317,Surendettement
3419,Accompagnement
5196,Accompagnement
4387,Surendettement
4699,Accompagnement
3203,Accompagnement
6448,Accompagnement
1921,Surendettement
7856,Surendettement
1315,Accompagnement
7727,Surendettement
3244,Surendettement
3163,Accompagnement
2943,Surendettement
3889,Surendettement
5951,Surendettement
5476,Accompagnement
3890,Surendettement
6825,Accompagnement
4429,Surendettement
3762,Surendettement
3837,Accompagnement
4968,Accompagnement
6794,Accompagnement
1642,Surendettement
4808,Accompagnement
3058,Surendettement
441,Surendettement
4955,Surendettement
4111,Accompagnement
1482,Surendettement
5166,Surendettement
5870,Surendettement
5332,Accompagnement
6688,Surendettement
4460,Accompagnement
2647,Surendettement
2401,Accompagnement
4863,Surendettement
888,Surendettement
44,Accompagnement
391,Surendettement
6751,Accompagnement
6053,Mediation
7721,Accompagnement
1803,Surendettement
4622,Surendettement
7731,Accompagnement
2345,Surendettement
4977,Surendettement
1700,Surendettement
6534,Accompagnement
2347,Accompagnement
5524,Accompagnement
5855,Accompagnement
7086,Accompagnement
2131,Accompagnement
4042,Surendettement
6445,Surendettement
2340,Surendettement
1723,Accompagnement
5125,Accompagnement
1114,Surendettement
4706,Surendettement
1169,Surendettement
6968,Accompagnement
7582,Accompagnement
2311,Surendettement
2619,Accompagnement
3099,Accompagnement
6172,Mediation
4621,Accompagnement
3885,Accompagnement
5267,Surendettement
2450,Accompagnement
6619,Accompagnement
4748,Surendettement
7882,Accompagnement
4925,Surendettement
5997,Surendettement
785,Surendettement
3039,Accompagnement
6508,Accompagnement
783,Surendettement
452,Surendettement
2283,Surendettement
3551,Surendettement
6591,Surendettement
2672,Surendettement
1131,Surendettement
5695,Surendettement
6268,Accompagnement
2383,Accompagnement
7289,Accompagnement
4536,Accompagnement
3527,Accompagnement
6412,Surendettement
7857,Surendettement
5110,Surendettement
7642,Accompagnement
6881,Surendettement
1120,Surendettement
7909,Surendettement
3963,Surendettement
7286,Accompagnement
1323,Surendettement
4842,Accompagnement
3728,Surendettement
5055,Surendettement
1611,Surendettement
4936,Surendettement
5207,Surendettement
5728,Surendettement
1907,Surendettement
7127,Surendettement
4502,Surendettement
448,Surendettement
5975,Accompagnement
227,Accompagnement
1640,Surendettement
4837,Surendettement
2991,Surendettement
6562,Accompagnement
7660,Accompagnement
5256,Surendettement
4270,Accompagnement
6763,Surendettement
3374,Surendettement
3603,Accompagnement
6348,Mediation
7710,Accompagnement
4288,Accompagnement
7264,Accompagnement
3160,Surendettement
4889,Surendettement
3561,Accompagnement
1294,Surendettement
5285,Surendettement
5470,Mediation
5298,Accompagnement
1052,Surendettement
5994,Surendettement
1694,Accompagnement
1754,Surendettement
2970,Surendettement
910,Surendettement
7124,Surendettement
1698,Surendettement
5223,Surendettement
6256,Accompagnement
3072,Accompagnement
3986,Surendettement
5108,Accompagnement
92,Surendettement
1362,Surendettement
5103,Accompagnement
7012,Surendettement
3350,Accompagnement
3559,Accompagnement
5146,Accompagnement
7833,Accompagnement
6634,Accompagnement
3759,Accompagnement
7216,Surendettement
5576,Surendettement
192,Accompagnement
812,Surendettement
3791,Accompagnement
4075,Surendettement
2924,Surendettement
5687,Mediation
4790,Surendettement
3299,Surendettement
1814,Surendettement
3799,Surendettement
7363,Accompagnement
4300,Accompagnement
1075,Accompagnement
7122,Surendettement
6143,Surendettement
440,Surendettement
3489,Surendettement
6989,Surendettement
1677,Surendettement
4643,Accompagnement
2656,Surendettement
4984,Accompagnement
329,Surendettement
556,Surendettement
6994,Surendettement
4311,Accompagnement
4503,Surendettement
167,Surendettement
5542,Surendettement
377,Surendettement
520,Surendettement
949,Surendettement
6767,Surendettement
27,Surendettement
5047,Surendettement
5032,Accompagnement
4415,Surendettement
496,Surendettement
7093,Accompagnement
690,Surendettement
1829,Surendettement
4226,Accompagnement
4083,Surendettement
6984,Surendettement
3566,Surendettement
1220,Accompagnement
1975,Surendettement
3323,Surendettement
3558,Accompagnement
673,Surendettement
2118,Surendettement
4179,Accompagnement
7590,Surendettement
2922,Surendettement
5297,Accompagnement
5638,Accompagnement
1064,Surendettement
5358,Surendettement
4788,Surendettement
2260,Accompagnement
1634,Surendettement
323,Surendettement
2443,Surendettement
6793,Accompagnement
1390,Surendettement
2089,Surendettement
4201,Surendettement
4952,Accompagnement
7516,Surendettement
2632,Accompagnement
626,Surendettement
2915,Surendettement
7484,Accompagnement
1773,Accompagnement
3000,Accompagnement
2179,Surendettement
412,Surendettement
6128,Surendettement
2278,Surendettement
2339,Surendettement
7138,Accompagnement
2289,Accompagnement
6165,Surendettement
6740,Accompagnement
5957,Mediation
7769,Surendettement
5485,Accompagnement
5523,Accompagnement
574,Surendettement
2707,Surendettement
614,Surendettement
25,Surendettement
3631,Surendettement
4591,Accompagnement
3804,Accompagnement
4479,Accompagnement
1151,Surendettement
3845,Accompagnement
6598,Surendettement
908,Surendettement
1680,Accompagnement
5618,Surendettement
6486,Accompagnement
2608,Surendettement
6533,Surendettement
1685,Accompagnement
6480,Accompagnement
4144,Surendettement
698,Accompagnement
1168,Surendettement
3344,Surendettement
7128,Surendettement
4778,Surendettement
4655,Accompagnement
6620,Surendettement
2641,Surendettement
1649,Surendettement
1616,Surendettement
5865,Accompagnement
6058,Accompagnement
2117,Accompagnement
3497,Surendettement
4082,Surendettement
1078,Surendettement
5777,Surendettement
8,Surendettement
2182,Accompagnement
575,Surendettement
78,Surendettement
1082,Surendettement
4309,Accompagnement
5014,Surendettement
1779,Surendettement
467,Surendettement
4051,Surendettement
6025,Surendettement
3700,Accompagnement
1986,Surendettement
968,Accompagnement
2996,Accompagnement
2264,Accompagnement
4792,Surendettement
6094,Accompagnement
3951,Surendettement
859,Surendettement
5821,Surendettement
1547,Surendettement
4975,Accompagnement
4890,Surendettement
4516,Accompagnement
5405,Surendettement
7392,Accompagnement
6663,Accompagnement
6041,Surendettement
7399,Mediation
6456,Accompagnement
765,Surendettement
7907,Surendettement
4392,Mediation
1003,Accompagnement
1725,Accompagnement
6272,Accompagnement
1303,Accompagnement
7691,Surendettement
5888,Surendettement
7902,Accompagnement
5462,Surendettement
5745,Surendettement
2436,Accompagnement
21,Surendettement
1636,Surendettement
1992,Accompagnement
7324,Accompagnement
5765,Accompagnement
4732,Surendettement
4352,Surendettement
6739,Accompagnement
4385,Surendettement
1068,Accompagnement
731,Surendettement
4165,Surendettement
2881,Accompagnement
7817,Surendettement
4170,Surendettement
7855,Accompagnement
6932,Surendettement
5290,Accompagnement
6583,Accompagnement
346,Surendettement
2860,Accompagnement
1874,Surendettement
6296,Surendettement
4071,Accompagnement
4682,Accompagnement
1824,Surendettement
7658,Accompagnement
685,Surendettement
6168,Accompagnement
2081,Surendettement
1116,Surendettement
361,Accompagnement
7482,Surendettement
2955,Accompagnement
3059,Accompagnement
5828,Accompagnement
99,Surendettement
2011,Surendettement
5798,Accompagnement
3989,Accompagnement
1126,Surendettement
6735,Surendettement
13,Accompagnement
1141,Accompagnement
6385,Surendettement
1470,Surendettement
7476,Surendettement
7636,Surendettement
2097,Surendettement
5737,Accompagnement
5339,Accompagnement
3177,Surendettement
1158,Surendettement
1252,Accompagnement
550,Accompagnement
2552,Accompagnement
2765,Accompagnement
1457,Surendettement
1295,Accompagnement
2956,Surendettement
3245,Surendettement
960,Surendettement
2408,Surendettement
2521,Accompagnement
7806,Accompagnement
5860,Surendettement
1005,Accompagnement
7513,Accompagnement
2453,Accompagnement
4183,Surendettement
709,Surendettement
1410,Surendettement
256,Surendettement
7334,Surendettement
6347,Accompagnement
3052,Accompagnement
4653,Accompagnement
1763,Surendettement
1502,Surendettement
6242,Surendettement
4774,Surendettement
7544,Accompagnement
3741,Surendettement
2406,Accompagnement
4751,Surendettement
2564,Accompagnement
1995,Surendettement
7373,Accompagnement
6366,Surendettement
5623,Surendettement
1370,Surendettement
6837,Accompagnement
4481,Accompagnement
2033,Accompagnement
97,Surendettement
5651,Accompagnement
7380,Surendettement
6068,Surendettement
6671,Surendettement
6662,Surendettement
1519,Accompagnement
4628,Accompagnement
718,Accompagnement
3263,Accompagnement
4054,Accompagnement
5688,Surendettement
1647,Surendettement
3335,Accompagnement
3196,Surendettement
3820,Accompagnement
2727,Surendettement
1990,Surendettement
2155,Accompagnement
4287,Accompagnement
464,Surendettement
6892,Surendettement
1878,Surendettement
2133,Accompagnement
3646,Surendettement
4707,Accompagnement
7499,Surendettement
5104,Accompagnement
4346,Accompagnement
4314,Surendettement
5970,Surendettement
4191,Accompagnement
319,Surendettement
918,Surendettement
803,Surendettement
5813,Accompagnement
5696,Accompagnement
6870,Surendettement
154,Accompagnement
5182,Accompagnement
7557,Surendettement
4700,Surendettement
6821,Surendettement
2006,Accompagnement
570,Surendettement
48,Accompagnement
2286,Surendettement
4442,Surendettement
1200,Surendettement
3768,Accompagnement
4492,Accompagnement
6526,Accompagnement
3898,Accompagnement
2667,Surendettement
2874,Accompagnement
3661,Accompagnement
5634,Accompagnement
3117,Accompagnement
36,Surendettement
967,Accompagnement
3204,Surendettement
3356,Surendettement
7342,Accompagnement
3483,Accompagnement
1107,Surendettement
7321,Surendettement
5603,Accompagnement
1702,Surendettement
3611,Accompagnement
2778,Surendettement
5433,Surendettement
6460,Surendettement
3071,Accompagnement
7694,Surendettement
1648,Surendettement
3073,Accompagnement
3905,Accompagnement
1099,Surendettement
5694,Accompagnement
5522,Accompagnement
1997,Surendettement
987,Surendettement
7304,Mediation
6131,Surendettement
53,Surendettement
3977,Accompagnement
3965,Accompagnement
7515,Surendettement
235,Surendettement
1213,Surendettement
4704,Surendettement
2087,Accompagnement
4891,Accompagnement
79,Accompagnement
5545,Surendettement
3128,Surendettement
7601,Accompagnement
5896,Surendettement
2351,Accompagnement
7776,Surendettement
1660,Surendettement
3075,Accompagnement
6808,Accompagnement
4033,Surendettement
3199,Accompagnement
4678,Accompagnement
6841,Surendettement
3348,Accompagnement
1183,Surendettement
6724,Accompagnement
5622,Mediation
6769,Surendettement
7162,Surendettement
3626,Accompagnement
3697,Accompagnement
5930,Accompagnement
6636,Surendettement
6443,Surendettement
5356,Surendettement
2798,Accompagnement
7105,Accompagnement
4988,Accompagnement
3429,Surendettement
1603,Surendettement
7414,Accompagnement
308,Surendettement
7581,Accompagnement
7425,Accompagnement
2606,Surendettement
2802,Accompagnement
6987,Mediation
7061,Accompagnement
2724,Surendettement
1110,Accompagnement
6446,Surendettement
2965,Surendettement
3526,Accompagnement
2299,Surendettement
4967,Surendettement
3730,Accompagnement
4759,Accompagnement
6015,Accompagnement
6742,Accompagnement
2614,Surendettement
2984,Accompagnement
1581,Accompagnement
3509,Accompagnement
7890,Surendettement
860,Surendettement
3190,Surendettement
5171,Surendettement
6710,Surendettement
2178,Accompagnement
935,Accompagnement
6380,Surendettement
7798,Surendettement
5380,Accompagnement
589,Surendettement
1667,Accompagnement
2169,Accompagnement
1219,Accompagnement
6438,Accompagnement
2188,Surendettement
7454,Surendettement
6160,Surendettement
7129,Accompagnement
522,Accompagnement
137,Surendettement
1058,Surendettement
5412,Accompagnement
3380,Surendettement
1221,Accompagnement
5098,Mediation
2398,Surendettement
7496,Surendettement
2002,Accompagnement
650,Surendettement
1279,Accompagnement
563,Surendettement
6838,Surendettement
4635,Surendettement
7863,Surendettement
1916,Surendettement
4560,Accompagnement
6405,Mediation
3003,Accompagnement
7174,Accompagnement
1877,Surendettement
6154,Accompagnement
2046,Surendettement
2983,Accompagnement
4718,Accompagnement
3779,Accompagnement
5652,Accompagnement
7459,Surendettement
3678,Surendettement
5036,Surendettement
1751,Surendettement
6852,Surendettement
2353,Surendettement
4642,Surendettement
3716,Accompagnement
3275,Surendettement
2959,Accompagnement
5300,Surendettement
2806,Surendettement
5404,Surendettement
7534,Accompagnement
3752,Surendettement
5319,Surendettement
5876,Accompagnement
1227,Accompagnement
172,Surendettement
2820,Surendettement
374,Surendettement
5772,Accompagnement
1759,Accompagnement
7797,Surendettement
2273,Accompagnement
2358,Surendettement
4625,Accompagnement
7143,Surendettement
7504,Accompagnement
3142,Accompagnement
1449,Surendettement
1360,Surendettement
2070,Surendettement
4598,Accompagnement
248,Surendettement
2108,Accompagnement
3440,Surendettement
4030,Accompagnement
3607,Accompagnement
2319,Surendettement
6827,Surendettement
2716,Surendettement
158,Surendettement
2809,Surendettement
304,Surendettement
2839,Accompagnement
4386,Surendettement
4176,Surendettement
5709,Surendettement
7654,Surendettement
3037,Accompagnement
1446,Surendettement
6993,Accompagnement
880,Surendettement
4763,Accompagnement
249,Surendettement
4998,Accompagnement
2676,Accompagnement
4721,Surendettement
1856,Surendettement
3120,Surendettement
579,Surendettement
6729,Surendettement
1356,Accompagnement
6699,Accompagnement
1903,Surendettement
6801,Accompagnement
7754,Accompagnement
222,Surendettement
6761,Surendettement
3636,Surendettement
1535,Accompagnement
2902,Accompagnement
1968,Surendettement
1875,Surendettement
1193,Surendettement
2842,Accompagnement
5729,Accompagnement
6798,Accompagnement
5614,Surendettement
2367,Accompagnement
7535,Surendettement
7239,Accompagnement
902,Accompagnement
4282,Accompagnement
1548,Surendettement
5594,Surendettement
1071,Surendettement
948,Surendettement
1009,Accompagnement
2797,Surendettement
3473,Accompagnement
6016,Surendettement
627,Surendettement
3879,Accompagnement
6354,Surendettement
2773,Accompagnement
2104,Surendettement
6095,Accompagnement
7618,Surendettement
4498,Surendettement
2476,Accompagnement
6329,Accompagnement
3692,Accompagnement
4459,Accompagnement
7460,Accompagnement
4043,Accompagnement
6447,Surendettement
7844,Accompagnement
3897,Accompagnement
5067,Surendettement
2094,Accompagnement
1933,Accompagnement
7020,Accompagnement
7123,Accompagnement
6524,Surendettement
1173,Surendettement
237,Accompagnement
5118,Accompagnement
2298,Surendettement
1411,Surendettement
320,Surendettement
2102,Accompagnement
5647,Surendettement
1923,Surendettement
3377,Surendettement
6461,Surendettement
782,Aucune
139,Accompagnement
725,Surendettement
7841,Accompagnement
2518,Surendettement
2247,Accompagnement
5018,Accompagnement
502,Surendettement
4540,Accompagnement
471,Surendettement
5950,Accompagnement
5778,Accompagnement
3580,Surendettement
4276,Surendettement
4511,Surendettement
4554,Surendettement
7359,Accompagnement
6589,Mediation
7568,Surendettement
2533,Accompagnement
1149,Accompagnement
7720,Surendettement
2865,Accompagnement
1579,Surendettement
2950,Surendettement
1538,Surendettement
5512,Surendettement
5176,Mediation
3893,Mediation
615,Accompagnement
4629,Accompagnement
7100,Surendettement
231,Accompagnement
4742,Surendettement
5419,Accompagnement
5043,Accompagnement
454,Surendettement
2176,Surendettement
4325,Accompagnement
3185,Surendettement
1337,Surendettement
6917,Surendettement
6346,Accompagnement
3968,Surendettement
6654,Surendettement
4465,Surendettement
5571,Accompagnement
4861,Mediation
2546,Accompagnement
5004,Surendettement
5214,Accompagnement
5123,Accompagnement
2566,Surendettement
1900,Mediation
327,Surendettement
7201,Surendettement
6625,Surendettement
6187,Surendettement
4374,Surendettement
241,Accompagnement
5155,Surendettement
4841,Surendettement
5960,Surendettement
1516,Accompagnement
3721,Surendettement
6901,Surendettement
229,Surendettement
6097,Surendettement
4970,Accompagnement
489,Surendettement
2115,Surendettement
6118,Surendettement
2994,Surendettement
7272,Accompagnement
3215,Accompagnement
5024,Surendettement
6103,Surendettement
7199,Accompagnement
6706,Accompagnement
3818,Accompagnement
2157,Accompagnement
7017,Accompagnement
6709,Surendettement
6006,Surendettement
1499,Accompagnement
243,Surendettement
4291,Accompagnement
4252,Surendettement
1468,Surendettement
4961,Surendettement
6638,Accompagnement
7386,Surendettement
1244,Surendettement
6774,Accompagnement
4994,Surendettement
156,Surendettement
1060,Surendettement
7761,Accompagnement
6582,Accompagnement
702,Surendettement
6310,Surendettement
7305,Surendettement
797,Surendettement
5165,Accompagnement
4946,Accompagnement
4412,Surendettement
7198,Surendettement
6622,Surendettement
3844,Accompagnement
6246,Accompagnement
4743,Surendettement
2811,Surendettement
2766,Surendettement
2907,Surendettement
5590,Accompagnement
4128,Surendettement
6466,Accompagnement
4091,Surendettement
6101,Surendettement
1531,Accompagnement
4543,Accompagnement
4576,Accompagnement
2056,Surendettement
234,Accompagnement
7050,Surendettement
2665,Surendettement
3224,Surendettement
7645,Accompagnement
3722,Surendettement
7247,Accompagnement
2217,Surendettement
7210,Surendettement
3978,Surendettement
4336,Surendettement
187,Accompagnement
4457,Mediation
170,Surendettement
5882,Surendettement
5924,Accompagnement
186,Surendettement
3925,Accompagnement
7021,Accompagnement
1978,Accompagnement
4832,Surendettement
2324,Accompagnement
3405,Surendettement
4825,Surendettement
1720,Surendettement
1708,Surendettement
6974,Accompagnement
2350,Surendettement
4810,Surendettement
837,Surendettement
4376,Surendettement
5321,Surendettement
2100,Accompagnement
7510,Accompagnement
1826,Surendettement
4935,Surendettement
7638,Accompagnement
3354,Surendettement
970,Accompagnement
5161,Surendettement
6682,Accompagnement
726,Surendettement
1132,Surendettement
6407,Accompagnement
5516,Surendettement
603,Surendettement
4624,Accompagnement
1182,Surendettement
1402,Accompagnement
1643,Accompagnement
839,Surendettement
3584,Surendettement
2791,Accompagnement
1553,Surendettement
6264,Accompagnement
3493,Surendettement
4306,Accompagnement
6069,Accompagnement
3330,Accompagnement
6835,Surendettement
4197,Surendettement
1736,Accompagnement
4875,Surendettement
1006,Surendettement
7426,Accompagnement
7527,Mediation
4155,Accompagnement
69,Surendettement
7186,Surendettement
2920,Accompagnement
1961,Surendettement
6085,Surendettement
3457,Surendettement
2976,Accompagnement
161,Accompagnement
1909,Surendettement
5719,Accompagnement
138,Surendettement
3178,Surendettement
2378,Surendettement
881,Mediation
7149,Surendettement
6757,Surendettement
7071,Surendettement
513,Surendettement
3894,Accompagnement
1935,Accompagnement
7002,Accompagnement
5069,Surendettement
815,Surendettement
1594,Accompagnement
6275,Accompagnement
2252,Surendettement
2830,Accompagnement
6982,Accompagnement
3357,Accompagnement
7880,Surendettement
5461,Surendettement
7591,Accompagnement
6889,Surendettement
1067,Accompagnement
7705,Surendettement
3076,Surendettement
2392,Surendettement
387,Accompagnement
6137,Accompagnement
3041,Surendettement
4245,Accompagnement
7826,Accompagnement
7470,Mediation
7225,Accompagnement
4969,Accompagnement
2752,Accompagnement
2582,Surendettement
941,Accompagnement
5219,Accompagnement
536,Surendettement
6880,Accompagnement
3027,Surendettement
7150,Surendettement
4716,Surendettement
2207,Surendettement
4445,Accompagnement
1915,Surendettement
2615,Surendettement
7837,Surendettement
360,Surendettement
4845,Accompagnement
2054,Surendettement
4355,Surendettement
4427,Surendettement
7391,Accompagnement
6281,Accompagnement
6828,Accompagnement
2581,Surendettement
6178,Surendettement
1528,Surendettement
5403,Surendettement
3311,Surendettement
159,Surendettement
1593,Surendettement
2895,Accompagnement
2183,Surendettement
3745,Accompagnement
5763,Accompagnement
4819,Surendettement
5417,Accompagnement
1979,Surendettement
56,Accompagnement
1930,Surendettement
38,Surendettement
342,Surendettement
5746,Accompagnement
197,Surendettement
4343,Surendettement
6384,Accompagnement
5572,Accompagnement
389,Surendettement
4997,Mediation
3781,Surendettement
6626,Accompagnement
4562,Accompagnement
2601,Surendettement
439,Surendettement
2193,Accompagnement
850,Surendettement
6122,Accompagnement
1991,Surendettement
2609,Surendettement
6575,Accompagnement
7102,Accompagnement
7159,Surendettement
6349,Accompagnement
3911,Accompagnement
4151,Surendettement
6899,Surendettement
148,Surendettement
3936,Accompagnement
7211,Surendettement
3325,Surendettement
88,Surendettement
6387,Mediation
5616,Accompagnement
2485,Surendettement
6584,Accompagnement
2935,Surendettement
6017,Surendettement
7355,Accompagnement
1486,Surendettement
165,Accompagnement
4769,Accompagnement
7659,Accompagnement
5879,Surendettement
674,Surendettement
5992,Accompagnement
106,Surendettement
1809,Surendettement
3686,Surendettement
1419,Surendettement
6334,Accompagnement
7481,Surendettement
6588,Accompagnement
2880,Accompagnement
1556,Surendettement
3331,Accompagnement
2461,Surendettement
5973,Surendettement
2348,Surendettement
274,Surendettement
1592,Surendettement
3800,Accompagnement
2053,Accompagnement
7595,Accompagnement
6855,Surendettement
5282,Surendettement
5115,Accompagnement
1164,Surendettement
2483,Accompagnement
3135,Accompagnement
7009,Accompagnement
1397,Surendettement
5752,Accompagnement
2379,Surendettement
2041,Accompagnement
7276,Accompagnement
3710,Surendettement
1892,Surendettement
3515,Surendettement
7493,Accompagnement
6939,Accompagnement
6406,Accompagnement
45,Accompagnement
7446,Accompagnement
421,Surendettement
4765,Surendettement
456,Surendettement
397,Surendettement
4224,Surendettement
5708,Surendettement
4390,Surendettement
6254,Accompagnement
3321,Surendettement
6257,Accompagnement
2489,Accompagnement
6996,Accompagnement
6782,Surendettement
7755,Surendettement
4394,Accompagnement
952,Surendettement
2640,Surendettement
2359,Accompagnement
4058,Surendettement
4652,Surendettement
6200,Accompagnement
7415,Surendettement
7119,Mediation
3171,Surendettement
7803,Accompagnement
5231,Accompagnement
3124,Accompagnement
2051,Accompagnement
2501,Surendettement
5254,Surendettement
5237,Surendettement
4116,Accompagnement
512,Surendettement
2397,Accompagnement
7166,Accompagnement
7132,Accompagnement
2331,Accompagnement
2190,Surendettement
1278,Surendettement
7407,Accompagnement
3162,Surendettement
2237,Accompagnement
4667,Surendettement
3773,Accompagnement
5218,Accompagnement
2826,Accompagnement
2072,Surendettement
6059,Accompagnement
778,Surendettement
7611,Surendettement
3596,Accompagnement
100,Accompagnement
7735,Accompagnement
1678,Surendettement
1706,Accompagnement
1481,Surendettement
2668,Surendettement
3672,Accompagnement
5225,Mediation
843,Surendettement
2191,Accompagnement
3210,Accompagnement
142,Accompagnement
6950,Accompagnement
120,Surendettement
3267,Accompagnement
3455,Surendettement
3260,Surendettement
729,Surendettement
5903,Accompagnement
4531,Accompagnement
2646,Accompagnement
5527,Accompagnement
6120,Accompagnement
3437,Surendettement
769,Surendettement
583,Surendettement
7490,Accompagnement
680,Accompagnement
3891,Surendettement
1408,Surendettement
250,Surendettement
5019,Accompagnement
7545,Surendettement
1748,Accompagnement
1596,Surendettement
4452,Surendettement
2074,Surendettement
3023,Surendettement
5131,Accompagnement
1804,Surendettement
7262,Surendettement
6286,Accompagnement
4275,Surendettement
1344,Surendettement
7378,Accompagnement
4028,Surendettement
617,Surendettement
5893,Accompagnement
6538,Accompagnement
917,Surendettement
6477,Accompagnement
2655,Accompagnement
6049,Accompagnement
213,Surendettement
1136,Accompagnement
4758,Accompagnement
4340,Surendettement
2049,Mediation
103,Surendettement
6586,Surendettement
2205,Accompagnement
2248,Surendettement
7613,Surendettement
1850,Accompagnement
1439,Surendettement
3342,Accompagnement
6417,Surendettement
3939,Surendettement
7360,Accompagnement
5438,Surendettement
6758,Surendettement
1377,Surendettement
2429,Accompagnement
2541,Accompagnement
5730,Surendettement
1743,Accompagnement
6356,Surendettement
6484,Surendettement
3579,Accompagnement
2377,Accompagnement
5034,Surendettement
4745,Surendettement
6558,Surendettement
2375,Surendettement
2706,Accompagnement
7437,Accompagnement
4986,Accompagnement
6650,Accompagnement
3211,Accompagnement
4920,Surendettement
177,Accompagnement
5583,Accompagnement
6435,Surendettement
5499,Surendettement
7252,Surendettement
5031,Accompagnement
292,Accompagnement
5824,Accompagnement
3352,Surendettement
1128,Accompagnement
487,Surendettement
5945,Mediation
2549,Accompagnement
6357,Surendettement
5269,Surendettement
2931,Accompagnement
4821,Surendettement
6912,Surendettement
7549,Accompagnement
1224,Accompagnement
135,Accompagnement
3602,Accompagnement
573,Accompagnement
714,Surendettement
5534,Surendettement
2060,Accompagnement
7467,Surendettement
6545,Accompagnement
7345,Accompagnement
3795,Surendettement
4209,Accompagnement
5249,Accompagnement
357,Surendettement
671,Surendettement
3033,Surendettement
6871,Accompagnement
3949,Surendettement
564,Surendettement
4433,Accompagnement
4416,Accompagnement
4567,Accompagnement
4730,Surendettement
5726,Surendettement
1806,Surendettement
7547,Accompagnement
7531,Surendettement
5366,Accompagnement
2730,Surendettement
557,Surendettement
5690,Accompagnement
1549,Surendettement
5459,Accompagnement
4169,Accompagnement
4902,Accompagnement
7333,Accompagnement
485,Surendettement
6231,Accompagnement
7099,Accompagnement
2817,Accompagnement
2318,Accompagnement
1024,Surendettement
6081,Accompagnement
6587,Surendettement
3425,Accompagnement
434,Surendettement
3797,Surendettement
7035,Surendettement
618,Surendettement
5377,Surendettement
3841,Accompagnement
4113,Surendettement
5081,Surendettement
426,Surendettement
6064,Accompagnement
7686,Surendettement
4160,Accompagnement
794,Accompagnement
1598,Surendettement
5409,Accompagnement
2764,Accompagnement
2542,Surendettement
7022,Accompagnement
425,Surendettement
5892,Accompagnement
7031,Accompagnement
4080,Accompagnement
2500,Accompagnement
5582,Surendettement
4690,Surendettement
108,Surendettement
1742,Surendettement
5528,Surendettement
3461,Accompagnement
1089,Surendettement
7080,Surendettement
7387,Surendettement
1326,Surendettement
334,Surendettement
7792,Surendettement
4013,Accompagnement
4614,Accompagnement
3677,Surendettement
1719,Surendettement
7278,Accompagnement
6510,Accompagnement
4430,Surendettement
551,Surendettement
1946,Accompagnement
2355,Surendettement
3682,Accompagnement
7696,Accompagnement
2221,Surendettement
7599,Accompagnement
2365,Surendettement
6007,Accompagnement
2594,Surendettement
5159,Surendettement
3093,Surendettement
6971,Accompagnement
1883,Accompagnement
5049,Accompagnement
1092,Accompagnement
2517,Surendettement
6985,Surendettement
219,Surendettement
5395,Surendettement
2600,Accompagnement
7477,Accompagnement
4797,Mediation
3976,Accompagnement
6398,Surendettement
408,Accompagnement
5834,Surendettement
3475,Surendettement
2732,Accompagnement
1737,Surendettement
6795,Accompagnement
7170,Surendettement
2200,Surendettement
4108,Surendettement
3809,Surendettement
278,Surendettement
3197,Surendettement
6504,Accompagnement
4273,Accompagnement
5252,Accompagnement
7501,Accompagnement
5385,Surendettement
5886,Surendettement
893,Accompagnement
3576,Surendettement
1820,Surendettement
1772,Accompagnement
4633,Accompagnement
5913,Surendettement
1378,Surendettement
6284,Accompagnement
7055,Accompagnement
3287,Accompagnement
799,Accompagnement
1368,Surendettement
1781,Surendettement
6651,Accompagnement
7340,Surendettement
5195,Accompagnement
3777,Accompagnement
656,Accompagnement
7052,Surendettement
7799,Surendettement
6302,Surendettement
221,Surendettement
5346,Surendettement
5452,Surendettement
1485,Surendettement
6618,Accompagnement
2091,Accompagnement
4916,Accompagnement
5197,Surendettement
6210,Surendettement
7411,Accompagnement
6416,Accompagnement
2486,Accompagnement
7553,Accompagnement
683,Accompagnement
3651,Surendettement
238,Surendettement
2556,Surendettement
2163,Surendettement
3698,Surendettement
697,Accompagnement
225,Surendettement
245,Surendettement
4388,Surendettement
7812,Accompagnement
4207,Accompagnement
4780,Mediation
540,Surendettement
6244,Accompagnement
6468,Mediation
675,Surendettement
2432,Accompagnement
5440,Accompagnement
1134,Accompagnement
5194,Accompagnement
4310,Accompagnement
1811,Surendettement
3712,Accompagnement
6656,Accompagnement
4475,Surendettement
7588,Surendettement
280,Surendettement
5540,Accompagnement
1049,Surendettement
2812,Surendettement
4879,Accompagnement
3339,Surendettement
1869,Mediation
261,Accompagnement
4265,Accompagnement
2332,Surendettement
7423,Accompagnement
2171,Accompagnement
2574,Accompagnement
3552,Accompagnement
6136,Mediation
5482,Accompagnement
1264,Surendettement
5323,Surendettement
492,Surendettement
3043,Surendettement
6572,Surendettement
5102,Accompagnement
7374,Accompagnement
5340,Surendettement
4840,Accompagnement
5312,Surendettement
6981,Surendettement
2735,Accompagnement
1699,Surendettement
1614,Accompagnement
247,Accompagnement
3401,Accompagnement
2170,Surendettement
5473,Accompagnement
3453,Surendettement
2905,Surendettement
7655,Accompagnement
1472,Surendettement
7051,Accompagnement
2918,Surendettement
4039,Accompagnement
4686,Accompagnement
5762,Accompagnement
160,Surendettement
7579,Accompagnement
3553,Surendettement
6819,Surendettement
2540,Surendettement
3296,Accompagnement
1689,Accompagnement
2894,Surendettement
2590,Mediation
5554,Accompagnement
46,Surendettement
528,Surendettement
7474,Accompagnement
6674,Accompagnement
950,Surendettement
7554,Accompagnement
4127,Accompagnement
7274,Accompagnement
821,Surendettement
5310,Surendettement
5790,Accompagnement
80,Surendettement
1842,Surendettement
7323,Surendettement
1504,Mediation
6529,Accompagnement
2044,Surendettement
4658,Accompagnement
5721,Accompagnement
2127,Surendettement
6898,Accompagnement
1016,Surendettement
3896,Surendettement
1957,Accompagnement
7887,Accompagnement
5985,Surendettement
4648,Surendettement
1194,Surendettement
2878,Surendettement
4297,Surendettement
1984,Surendettement
2328,Surendettement
2933,Accompagnement
1628,Accompagnement
5087,Surendettement
2885,Surendettement
5905,Accompagnement
5122,Accompagnement
478,Surendettement
7227,Surendettement
2469,Accompagnement
3302,Accompagnement
6204,Surendettement
7505,Accompagnement
63,Surendettement
1796,Surendettement
5365,Accompagnement
7788,Surendettement
1352,Surendettement
796,Surendettement
7273,Accompagnement
764,Surendettement
4123,Accompagnement
7217,Accompagnement
1094,Surendettement
1074,Surendettement
2496,Accompagnement
2480,Surendettement
2472,Surendettement
298,Surendettement
1557,Accompagnement
1530,Surendettement
4668,Surendettement
314,Surendettement
5302,Accompagnement
206,Surendettement
1338,Accompagnement
7742,Accompagnement
3831,Accompagnement
6144,Accompagnement
3165,Accompagnement
3743,Accompagnement
2999,Accompagnement
407,Surendettement
1413,Accompagnement
2173,Surendettement
2903,Accompagnement
7103,Accompagnement
973,Surendettement
4962,Accompagnement
4510,Surendettement
2292,Surendettement
7277,Surendettement
6235,Accompagnement
2281,Surendettement
2119,Surendettement
7121,Accompagnement
4041,Surendettement
2642,Surendettement
5002,Surendettement
4715,Surendettement
3956,Accompagnement
5263,Surendettement
4497,Surendettement
3310,Accompagnement
6972,Accompagnement
632,Surendettement
6730,Surendettement
1994,Surendettement
7375,Accompagnement
2276,Surendettement
2110,Accompagnement
401,Aucune
2897,Surendettement
7371,Accompagnement
1687,Surendettement
1147,Accompagnement
5039,Surendettement
3612,Surendettement
3107,Surendettement
7843,Accompagnement
211,Accompagnement
772,Accompagnement
4046,Surendettement
2548,Surendettement
2388,Surendettement
3487,Accompagnement
3653,Surendettement
6514,Surendettement
5604,Accompagnement
7565,Accompagnement
5205,Surendettement
5068,Surendettement
1118,Surendettement
602,Surendettement
751,Accompagnement
3508,Surendettement
6021,Surendettement
5569,Mediation
4577,Surendettement
2162,Accompagnement
455,Accompagnement
7811,Surendettement
2417,Accompagnement
4139,Surendettement
4341,Accompagnement
2770,Surendettement
1225,Surendettement
184,Accompagnement
6442,Surendettement
5204,Accompagnement
1540,Accompagnement
480,Surendettement
217,Surendettement
5996,Surendettement
3801,Accompagnement
920,Surendettement
4089,Surendettement
2442,Surendettement
547,Surendettement
4281,Surendettement
1950,Accompagnement
5010,Surendettement
990,Surendettement
1765,Mediation
6183,Surendettement
3641,Surendettement
1202,Surendettement
5747,Accompagnement
4656,Surendettement
1563,Surendettement
6833,Accompagnement
1148,Surendettement
6292,Accompagnement
1479,Accompagnement
6315,Surendettement
5570,Accompagnement
995,Surendettement
228,Surendettement
6038,Surendettement
4204,Accompagnement
3113,Surendettement
4906,Surendettement
1526,Surendettement
4839,Accompagnement
3560,Accompagnement
322,Surendettement
7171,Surendettement
6560,Surendettement
3446,Surendettement
1478,Surendettement
2928,Surendettement
4356,Accompagnement
2416,Surendettement
4796,Surendettement
4630,Surendettement
7744,Accompagnement
1501,Surendettement
5286,Surendettement
1786,Accompagnement
906,Surendettement
5579,Surendettement
7608,Surendettement
4867,Surendettement
6382,Surendettement
2808,Surendettement
7393,Mediation
6115,Surendettement
5678,Accompagnement
443,Surendettement
713,Surendettement
5280,Accompagnement
6167,Accompagnement
4196,Surendettement
5460,Surendettement
7897,Surendettement
86,Surendettement
2843,Surendettement
2563,Surendettement
2198,Surendettement
355,Surendettement
6578,Accompagnement
1956,Accompagnement
5510,Accompagnement
341,Accompagnement
5868,Surendettement
1954,Surendettement
5156,Accompagnement
5253,Accompagnement
6569,Accompagnement
7412,Accompagnement
4294,Accompagnement
3999,Surendettement
5170,Surendettement
6389,Accompagnement
4871,Accompagnement
6135,Accompagnement
6669,Accompagnement
1973,Surendettement
6247,Accompagnement
1798,Accompagnement
1138,Accompagnement
6609,Surendettement
2516,Surendettement
5383,Accompagnement
7542,Mediation
4573,Accompagnement
5810,Surendettement
1999,Surendettement
230,Accompagnement
7506,Accompagnement
3688,Accompagnement
3207,Surendettement
7028,Accompagnement
4644,Accompagnement
2836,Surendettement
6905,Accompagnement
6358,Accompagnement
1214,Surendettement
6574,Accompagnement
107,Surendettement
212,Surendettement
6738,Accompagnement
663,Surendettement
4515,Surendettement
6599,Mediation
7394,Accompagnement
7629,Surendettement
6428,Accompagnement
6282,Surendettement
7845,Accompagnement
2631,Surendettement
3859,Surendettement
2603,Accompagnement
4313,Accompagnement
562,Accompagnement
1832,Surendettement
114,Accompagnement
1436,Surendettement
7616,Accompagnement
1855,Surendettement
7059,Surendettement
3013,Surendettement
1113,Surendettement
5597,Surendettement
4320,Surendettement
1970,Accompagnement
6216,Mediation
5766,Surendettement
1409,Surendettement
6748,Accompagnement
4809,Accompagnement
3934,Accompagnement
6193,Accompagnement
6030,Surendettement
4740,Accompagnement
1385,Surendettement
4338,Accompagnement
3477,Accompagnement
7453,Surendettement
6364,Surendettement
6653,Accompagnement
1673,Accompagnement
5391,Accompagnement
7419,Accompagnement
6633,Accompagnement
410,Surendettement
7215,Accompagnement
1274,Accompagnement
4557,Accompagnement
6963,Surendettement
501,Surendettement
5487,Surendettement
2644,Accompagnement
1580,Surendettement
509,Surendettement
3434,Surendettement
3232,Surendettement
5897,Surendettement
2849,Surendettement
5934,Surendettement
739,Surendettement
3964,Accompagnement
3422,Accompagnement
6766,Surendettement
289,Accompagnement
7486,Surendettement
5592,Surendettement
3770,Surendettement
3694,Accompagnement
1941,Surendettement
2634,Surendettement
3503,Surendettement
777,Surendettement
652,Surendettement
4076,Surendettement
477,Surendettement
1715,Accompagnement
5513,Accompagnement
3760,Accompagnement
2774,Accompagnement
6248,Accompagnement
5065,Surendettement
2160,Surendettement
101,Surendettement
6379,Accompagnement
4133,Surendettement
716,Surendettement
1133,Surendettement
7029,Accompagnement
5259,Accompagnement
5399,Accompagnement
1153,Surendettement
164,Accompagnement
6023,Accompagnement
5908,Accompagnement
5,Surendettement
5916,Accompagnement
771,Surendettement
7429,Accompagnement
4965,Mediation
3243,Accompagnement
6035,Mediation
1740,Surendettement
1086,Accompagnement
4157,Accompagnement
3821,Accompagnement
6325,Accompagnement
7879,Accompagnement
1331,Surendettement
6034,Accompagnement
7688,Accompagnement
828,Accompagnement
5948,Surendettement
1014,Surendettement
109,Surendettement
559,Accompagnement
2788,Surendettement
1389,Accompagnement
2939,Accompagnement
4379,Surendettement
7781,Surendettement
2361,Accompagnement
6493,Surendettement
2659,Surendettement
6422,Surendettement
6505,Surendettement
6824,Accompagnement
1460,Accompagnement
2244,Accompagnement
3444,Surendettement
7319,Surendettement
3656,Surendettement
5691,Surendettement
3077,Surendettement
191,Surendettement
4364,Accompagnement
7344,Surendettement
3046,Surendettement
5659,Mediation
1969,Surendettement
3658,Surendettement
6433,Surendettement
3466,Surendettement
1934,Accompagnement
4723,Surendettement
4631,Surendettement
3732,Accompagnement
7598,Accompagnement
2242,Surendettement
2611,Accompagnement
3141,Surendettement
337,Surendettement
7848,Accompagnement
5575,Accompagnement
7331,Accompagnement
2775,Accompagnement
1028,Accompagnement
2669,Surendettement
6459,Surendettement
2625,Accompagnement
198,Surendettement
1364,Surendettement
3689,Surendettement
19,Surendettement
3019,Accompagnement
423,Accompagnement
5099,Accompagnement
4406,Accompagnement
2434,Accompagnement
6970,Accompagnement
1696,Surendettement
413,Surendettement
5878,Surendettement
5635,Accompagnement
14,Accompagnement
4439,Accompagnement
7381,Surendettement
6708,Surendettement
7322,Accompagnement
7104,Surendettement
3061,Surendettement
3170,Surendettement
1324,Accompagnement
1037,Surendettement
2277,Accompagnement
3608,Accompagnement
4078,Surendettement
4060,Surendettement
4126,Surendettement
3569,Accompagnement
1947,Surendettement
2679,Accompagnement
6130,Accompagnement
2515,Surendettement
5402,Accompagnement
7111,Accompagnement
2421,Accompagnement
3918,Surendettement
4785,Surendettement
2711,Surendettement
2038,Accompagnement
5111,Surendettement
6856,Surendettement
7195,Accompagnement
3269,Surendettement
7018,Surendettement
3372,Accompagnement
4770,Accompagnement
7030,Surendettement
3192,Accompagnement
4371,Surendettement
6258,Surendettement
2528,Accompagnement
3864,Accompagnement
2834,Surendettement
5931,Accompagnement
4549,Accompagnement
5773,Accompagnement
5682,Surendettement
6577,Surendettement
365,Surendettement
809,Accompagnement
1038,Surendettement
975,Surendettement
6500,Accompagnement
6788,Surendettement
2137,Surendettement
6134,Accompagnement
5732,Surendettement
6205,Surendettement
6727,Surendettement
1080,Accompagnement
279,Surendettement
1305,Accompagnement
2972,Surendettement
4499,Accompagnement
3798,Surendettement
7189,Accompagnement
2872,Accompagnement
18,Accompagnement
5653,Surendettement
4566,Surendettement
6713,Accompagnement
3624,Accompagnement
7353,Accompagnement
4963,Accompagnement
1245,Surendettement
5887,Surendettement
6667,Surendettement
2867,Accompagnement
4360,Accompagnement
7850,Mediation
7155,Accompagnement
6240,Surendettement
6471,Accompagnement
2187,Accompagnement
4101,Surendettement
7775,Surendettement
3297,Accompagnement
6368,Accompagnement
6920,Surendettement
5316,Accompagnement
6361,Surendettement
2744,Surendettement
6018,Accompagnement
1654,Surendettement
605,Surendettement
6525,Surendettement
3635,Surendettement
3562,Accompagnement
6102,Surendettement
5413,Accompagnement
7228,Surendettement
5871,Surendettement
2385,Accompagnement
7677,Surendettement
5017,Accompagnement
29,Surendettement
6091,Accompagnement
2214,Surendettement
1569,Surendettement
1175,Surendettement
4783,Accompagnement
1982,Accompagnement
7212,Accompagnement
3853,Accompagnement
3906,Accompagnement
3499,Surendettement
1704,Surendettement
5238,Surendettement
2568,Accompagnement
4289,Surendettement
4408,Surendettement
5457,Surendettement
3749,Accompagnement
70,Accompagnement
129,Surendettement
4836,Surendettement
6594,Surendettement
3110,Accompagnement
5958,Accompagnement
5411,Accompagnement
1998,Surendettement
3328,Surendettement
4533,Surendettement
4756,Surendettement
3909,Surendettement
4476,Accompagnement
2330,Surendettement
4095,Surendettement
5587,Accompagnement
5255,Surendettement
277,Surendettement
5228,Accompagnement
1756,Surendettement
2913,Accompagnement
2149,Accompagnement
4852,Surendettement
6639,Surendettement
5636,Accompagnement
907,Surendettement
3157,Surendettement
5561,Surendettement
4940,Surendettement
4888,Accompagnement
7054,Surendettement
5967,Surendettement
6805,Accompagnement
6872,Surendettement
7390,Accompagnement
366,Surendettement
4619,Accompagnement
6039,Accompagnement
4478,Accompagnement
2275,Accompagnement
946,Surendettement
2957,Surendettement
2899,Surendettement
7571,Surendettement
3318,Surendettement
5295,Surendettement
1448,Surendettement
3395,Surendettement
4874,Accompagnement
2139,Surendettement
2372,Accompagnement
6909,Surendettement
151,Surendettement
39,Surendettement
2269,Accompagnement
183,Mediation
31,Accompagnement
1248,Surendettement
3847,Surendettement
6421,Surendettement
7697,Surendettement
2174,Accompagnement
5819,Surendettement
4522,Surendettement
2062,Accompagnement
1261,Surendettement
3294,Accompagnement
3634,Surendettement
3663,Surendettement
444,Aucune
4930,Surendettement
2857,Accompagnement
6859,Surendettement
1867,Surendettement
4219,Surendettement
5447,Surendettement
7560,Accompagnement
4789,Surendettement
5192,Surendettement
6768,Surendettement
6684,Accompagnement
4826,Surendettement
3430,Accompagnement
5016,Accompagnement
6791,Surendettement
1302,Surendettement
844,Surendettement
6499,Surendettement
2376,Surendettement
914,Surendettement
4177,Surendettement
7176,Accompagnement
3955,Accompagnement
7316,Accompagnement
3922,Accompagnement
3723,Surendettement
7787,Surendettement
5079,Accompagnement
7801,Accompagnement
3231,Surendettement
1298,Surendettement
591,Surendettement
7574,Accompagnement
5436,Accompagnement
2399,Accompagnement
531,Surendettement
2159,Surendettement
7192,Surendettement
981,Accompagnement
7684,Accompagnement
3274,Surendettement
2490,Surendettement
6392,Accompagnement
5677,Surendettement
4741,Surendettement
3491,Accompagnement
6941,Surendettement
7328,Surendettement
3490,Surendettement
5341,Accompagnement
6720,Surendettement
6670,Accompagnement
3272,Surendettement
1268,Surendettement
7748,Surendettement
1843,Surendettement
6092,Surendettement
3517,Accompagnement
7804,Accompagnement
3144,Accompagnement
6234,Accompagnement
5631,Surendettement
710,Surendettement
6224,Surendettement
3050,Surendettement
4830,Surendettement
4747,Accompagnement
1304,Surendettement
3087,Surendettement
4777,Surendettement
128,Aucune
5613,Accompagnement
7396,Surendettement
5889,Accompagnement
6694,Accompagnement
3739,Accompagnement
52,Surendettement
4251,Surendettement
7483,Accompagnement
977,Accompagnement
3193,Surendettement
2059,Accompagnement
3265,Accompagnement
3327,Accompagnement
3637,Accompagnement
2424,Accompagnement
601,Surendettement
7257,Accompagnement
4663,Surendettement
7759,Accompagnement
2616,Accompagnement
6565,Accompagnement
604,Accompagnement
1834,Surendettement
4484,Surendettement
2271,Accompagnement
7846,Surendettement
4399,Accompagnement
7125,Accompagnement
2428,Accompagnement
5475,Surendettement
4174,Accompagnement
2731,Surendettement
3329,Accompagnement
5981,Surendettement
961,Surendettement
4661,Surendettement
5743,Accompagnement
6796,Accompagnement
7786,Surendettement
2755,Accompagnement
5309,Surendettement
6846,Surendettement
7525,Accompagnement
7026,Accompagnement
195,Surendettement
6119,Surendettement
3578,Accompagnement
5037,Accompagnement
30,Surendettement
4250,Accompagnement
7668,Surendettement
7828,Accompagnement
1348,Surendettement
6600,Accompagnement
3814,Accompagnement
3929,Surendettement
7596,Surendettement
806,Surendettement
4377,Surendettement
6851,Surendettement
5353,Accompagnement
7913,Surendettement
2822,Surendettement
3808,Surendettement
2314,Accompagnement
1527,Aucune
4446,Surendettement
6956,Accompagnement
6083,Accompagnement
6013,Accompagnement
2936,Accompagnement
730,Surendettement
5313,Surendettement
5445,Surendettement
7202,Accompagnement
295,Accompagnement
3338,Accompagnement
3147,Accompagnement
1429,Surendettement
6983,Accompagnement
4141,Accompagnement
1212,Accompagnement
5988,Surendettement
705,Surendettement
5552,Mediation
1230,Accompagnement
2129,Surendettement
3403,Accompagnement
4363,Surendettement
6010,Surendettement
3564,Surendettement
7495,Accompagnement
4711,Surendettement
124,Surendettement
1047,Accompagnement
7294,Accompagnement
3880,Accompagnement
7317,Accompagnement
4570,Surendettement
200,Surendettement
6677,Surendettement
5854,Accompagnement
2052,Surendettement
2927,Surendettement
7004,Surendettement
3138,Accompagnement
560,Surendettement
4462,Accompagnement
6298,Surendettement
6532,Surendettement
6513,Surendettement
4422,Surendettement
40,Surendettement
5277,Accompagnement
2167,Surendettement
7701,Surendettement
572,Surendettement
2047,Accompagnement
2909,Surendettement
2804,Surendettement
737,Surendettement
328,Surendettement
1567,Surendettement
3172,Mediation
2431,Surendettement
876,Mediation
7400,Accompagnement
2663,Surendettement
5825,Accompagnement
3198,Accompagnement
7447,Surendettement
5744,Accompagnement
3149,Surendettement
6375,Surendettement
1218,Accompagnement
5260,Accompagnement
6539,Accompagnement
85,Surendettement
6227,Surendettement
3737,Surendettement
6992,Accompagnement
3362,Surendettement
3840,Accompagnement
7200,Surendettement
7231,Mediation
2734,Accompagnement
5291,Accompagnement
7368,Surendettement
1774,Surendettement
2693,Accompagnement
1498,Surendettement
4882,Accompagnement
3742,Surendettement
4933,Surendettement
1236,Surendettement
4801,Accompagnement
1749,Accompagnement
1084,Surendettement
1101,Accompagnement
6829,Surendettement
6280,Surendettement
6792,Surendettement
5741,Accompagnement
5364,Surendettement
4333,Surendettement
826,Surendettement
5178,Mediation
2098,Surendettement
6472,Accompagnement
6019,Surendettement
3957,Accompagnement
3109,Surendettement
5567,Surendettement
746,Surendettement
1311,Surendettement
67,Accompagnement
5607,Accompagnement
1510,Surendettement
6072,Accompagnement
1418,Surendettement
7563,Accompagnement
2301,Surendettement
818,Surendettement
2222,Accompagnement
7077,Accompagnement
4929,Surendettement
1125,Surendettement
4639,Accompagnement
4537,Accompagnement
715,Surendettement
6800,Mediation
3591,Surendettement
2121,Surendettement
7896,Surendettement
4910,Surendettement
286,Accompagnement
4523,Surendettement
3523,Surendettement
2728,Accompagnement
864,Surendettement
3715,Surendettement
3655,Surendettement
1057,Surendettement
5686,Accompagnement
466,Surendettement
7311,Surendettement
371,Surendettement
5185,Accompagnement
4085,Surendettement
5442,Surendettement
5591,Surendettement
4016,Accompagnement
2807,Surendettement
6287,Accompagnement
4609,Surendettement
7275,Surendettement
375,Surendettement
1036,Accompagnement
242,Accompagnement
5627,Accompagnement
5463,Surendettement
925,Surendettement
634,Surendettement
6278,Surendettement
5703,Accompagnement
2415,Accompagnement
6288,Accompagnement
1491,Accompagnement
1926,Accompagnement
7471,Mediation
3590,Accompagnement
5689,Surendettement
1964,Accompagnement
7743,Accompagnement
5883,Surendettement
7445,Accompagnement
3159,Surendettement
3492,Surendettement
4964,Accompagnement
2753,Accompagnement
3960,Accompagnement
6374,Surendettement
3293,Surendettement
146,Surendettement
4454,Accompagnement
3708,Surendettement
519,Surendettement
2099,Accompagnement
5455,Accompagnement
3462,Surendettement
7577,Surendettement
6177,Surendettement
2061,Accompagnement
6719,Surendettement
5009,Surendettement
3919,Surendettement
3085,Surendettement
5266,Surendettement
2827,Accompagnement
841,Accompagnement
5167,Accompagnement
2626,Accompagnement
6414,Accompagnement
1913,Accompagnement
6975,Surendettement
7903,Surendettement
3803,Accompagnement
4601,Accompagnement
4220,Surendettement
3788,Surendettement
3815,Accompagnement
5420,Surendettement
5566,Accompagnement
7097,Surendettement
3856,Surendettement
4509,Accompagnement
699,Accompagnement
3208,Accompagnement
3021,Accompagnement
1727,Surendettement
4696,Accompagnement
1537,Accompagnement
7641,Accompagnement
3418,Accompagnement
244,Surendettement
518,Surendettement
974,Surendettement
5962,Accompagnement
3369,Accompagnement
1620,Accompagnement
3364,Surendettement
1087,Surendettement
2637,Surendettement
1353,Surendettement
4613,Accompagnement
6002,Surendettement
6834,Surendettement
3796,Accompagnement
2715,Surendettement
3920,Accompagnement
7151,Accompagnement
840,Surendettement
849,Surendettement
3084,Accompagnement
3389,Accompagnement
2202,Accompagnement
5637,Accompagnement
992,Surendettement
5517,Mediation
3935,Accompagnement
83,Surendettement
5872,Surendettement
1240,Surendettement
4680,Accompagnement
5662,Accompagnement
4407,Surendettement
7450,Accompagnement
5615,Accompagnement
7310,Mediation
5337,Surendettement
7498,Accompagnement
5904,Surendettement
4719,Accompagnement
4553,Accompagnement
1943,Surendettement
4335,Surendettement
6479,Accompagnement
2263,Accompagnement
6867,Accompagnement
2829,Surendettement
7578,Surendettement
2651,Accompagnement
6614,Surendettement
4980,Mediation
303,Surendettement
7000,Surendettement
6516,Accompagnement
6785,Surendettement
6360,Surendettement
3151,Surendettement
81,Surendettement
1308,Accompagnement
510,Accompagnement
1243,Surendettement
6126,Surendettement
4208,Surendettement
1712,Accompagnement
3676,Accompagnement
3241,Surendettement
2960,Surendettement
6199,Surendettement
1812,Accompagnement
1835,Surendettement
2718,Surendettement
7745,Surendettement
866,Accompagnement
5600,Accompagnement
7300,Mediation
4243,Accompagnement
521,Surendettement
7820,Accompagnement
5757,Accompagnement
816,Surendettement
7502,Accompagnement
996,Surendettement
4122,Accompagnement
3734,Surendettement
4052,Accompagnement
7235,Accompagnement
6332,Surendettement
1776,Accompagnement
5483,Surendettement
5070,Accompagnement
4147,Accompagnement
2853,Surendettement
22,Surendettement
3388,Accompagnement
3304,Accompagnement
2547,Accompagnement
2439,Accompagnement
6635,Mediation
4040,Surendettement
310,Surendettement
7617,Surendettement
6024,Surendettement
272,Surendettement
1568,Surendettement
6221,Surendettement
2039,Accompagnement
4694,Surendettement
3469,Accompagnement
3958,Accompagnement
4347,Surendettement
1275,Surendettement
1488,Accompagnement
3386,Surendettement
1586,Surendettement
6555,Surendettement
6344,Accompagnement
4932,Accompagnement
4254,Accompagnement
3365,Accompagnement
3307,Accompagnement
7037,Accompagnement
6895,Surendettement
7465,Accompagnement
6999,Surendettement
7013,Surendettement
2666,Surendettement
4545,Accompagnement
3684,Surendettement
4070,Surendettement
545,Surendettement
2138,Surendettement
4323,Accompagnement
6512,Surendettement
6849,Accompagnement
4856,Accompagnement
2511,Surendettement
7722,Accompagnement
4755,Surendettement
5725,Surendettement
5818,Accompagnement
2975,Surendettement
6340,Accompagnement
4695,Surendettement
581,Surendettement
3674,Surendettement
6687,Accompagnement
5748,Accompagnement
6150,Accompagnement
1697,Surendettement
178,Surendettement
7261,Surendettement
6063,Accompagnement
335,Mediation
2643,Surendettement
2327,Accompagnement
6648,Accompagnement
5239,Surendettement
2859,Accompagnement
2313,Accompagnement
3288,Accompagnement
2304,Surendettement
450,Surendettement
6853,Surendettement
2447,Accompagnement
5628,Accompagnement
2572,Accompagnement
3944,Accompagnement
7043,Mediation
3992,Surendettement
3155,Accompagnement
7005,Mediation
1703,Surendettement
210,Surendettement
4846,Surendettement
3484,Accompagnement
1465,Surendettement
2757,Accompagnement
4753,Accompagnement
7265,Accompagnement
2267,Accompagnement
2671,Mediation
2329,Accompagnement
7309,Surendettement
1186,Surendettement
5471,Mediation
4720,Surendettement
7838,Surendettement
4162,Accompagnement
3363,Surendettement
5454,Accompagnement
2423,Surendettement
6933,Accompagnement
3012,Surendettement
5620,Accompagnement
6826,Surendettement
3044,Surendettement
3531,Surendettement
12,Accompagnement
4572,Accompagnement
1635,Surendettement
2370,Accompagnement
5011,Accompagnement
1899,Accompagnement
1314,Surendettement
824,Surendettement
3324,Surendettement
1100,Surendettement
7734,Accompagnement
4096,Mediation
4153,Surendettement
7268,Accompagnement
1769,Surendettement
649,Surendettement
7906,Accompagnement
4913,Accompagnement
1467,Accompagnement
2916,Surendettement
3154,Accompagnement
7308,Surendettement
2126,Accompagnement
5236,Surendettement
1312,Surendettement
6523,Accompagnement
3017,Accompagnement
2457,Accompagnement
6657,Accompagnement
1462,Surendettement
2800,Accompagnement
4467,Accompagnement
7433,Mediation
6080,Accompagnement
3125,Surendettement
4100,Accompagnement
7190,Accompagnement
1383,Accompagnement
1731,Surendettement
4440,Accompagnement
3005,Accompagnement
7487,Surendettement
6655,Surendettement
6156,Accompagnement
5624,Surendettement
6610,Surendettement
750,Accompagnement
4959,Surendettement
2018,Surendettement
1506,Surendettement
4493,Accompagnement
7207,Accompagnement
3850,Accompagnement
2407,Surendettement
4673,Accompagnement
6259,Accompagnement
666,Accompagnement
2967,Surendettement
3727,Accompagnement
6262,Accompagnement
2598,Surendettement
4269,Accompagnement
2947,Accompagnement
4880,Accompagnement
7058,Accompagnement
4132,Surendettement
6314,Surendettement
5296,Surendettement
6441,Mediation
1081,Surendettement
6226,Surendettement
3445,Surendettement
7908,Accompagnement
7630,Accompagnement
2835,Accompagnement
4563,Accompagnement
1374,Surendettement
2226,Accompagnement
1061,Surendettement
4908,Surendettement
3038,Surendettement
6966,Accompagnement
1766,Surendettement
5971,Accompagnement
2141,Surendettement
4800,Accompagnement
7898,Accompagnement
5134,Accompagnement
7753,Accompagnement
5535,Surendettement
6530,Surendettement
2394,Surendettement
4768,Surendettement
5458,Surendettement
1345,Accompagnement
5529,Surendettement
3103,Accompagnement
6465,Surendettement
6672,Surendettement
3009,Surendettement
6692,Accompagnement
3954,Surendettement
6698,Surendettement
7606,Mediation
2306,Accompagnement
6378,Accompagnement
1901,Surendettement
5606,Surendettement
2003,Surendettement
6436,Surendettement
2624,Accompagnement
7258,Surendettement
1951,Surendettement
189,Surendettement
2810,Accompagnement
4878,Surendettement
4103,Accompagnement
4182,Surendettement
3291,Surendettement
3726,Surendettement
7672,Accompagnement
6893,Accompagnement
760,Accompagnement
3221,Accompagnement
3195,Accompagnement
5271,Accompagnement
3921,Surendettement
7395,Accompagnement
577,Surendettement
188,Surendettement
5734,Accompagnement
483,Surendettement
4354,Surendettement
5066,Surendettement
1857,Accompagnement
3819,Surendettement
4375,Surendettement
5866,Mediation
6759,Accompagnement
7561,Surendettement
5718,Surendettement
5186,Surendettement
5656,Accompagnement
813,Surendettement
733,Surendettement
6164,Surendettement
7485,Mediation
1093,Surendettement
7871,Accompagnement
789,Surendettement
5859,Accompagnement
271,Surendettement
2584,Accompagnement
5414,Accompagnement
4277,Accompagnement
7593,Accompagnement
6836,Accompagnement
1072,Accompagnement
3842,Surendettement
776,Surendettement
7440,Accompagnement
5199,Accompagnement
1599,Surendettement
131,Surendettement
5964,Accompagnement
5330,Mediation
3761,Surendettement
4437,Accompagnement
3932,Accompagnement
4513,Surendettement
7148,Surendettement
6381,Mediation
2964,Surendettement
1300,Surendettement
4813,Accompagnement
4581,Accompagnement
7584,Surendettement
6711,Surendettement
3001,Accompagnement
7141,Accompagnement
6944,Accompagnement
3148,Accompagnement
4136,Surendettement
1232,Accompagnement
5389,Surendettement
6363,Accompagnement
1455,Surendettement
5503,Accompagnement
1734,Surendettement
252,Surendettement
7158,Accompagnement
1675,Surendettement
2929,Accompagnement
4983,Surendettement
437,Accompagnement
5116,Accompagnement
176,Accompagnement
3941,Surendettement
3659,Surendettement
5394,Surendettement
6665,Surendettement
4480,Surendettement
4904,Surendettement
4441,Accompagnement
4038,Surendettement
4317,Accompagnement
1793,Surendettement
4951,Mediation
1238,Mediation
5333,Accompagnement
6067,Accompagnement
6293,Surendettement
895,Surendettement
6914,Accompagnement
5724,Surendettement
484,Accompagnement
5775,Surendettement
658,Surendettement
1558,Surendettement
6174,Surendettement
163,Accompagnement
5083,Accompagnement
2799,Surendettement
665,Surendettement
6754,Accompagnement
7320,Surendettement
6179,Surendettement
7892,Accompagnement
5208,Accompagnement
2463,Surendettement
6845,Surendettement
6198,Surendettement
7416,Surendettement
2816,Surendettement
3901,Surendettement
5317,Accompagnement
6481,Surendettement
7687,Accompagnement
2554,Accompagnement
6531,Surendettement
6376,Surendettement
506,Accompagnement
672,Surendettement
2147,Surendettement
4063,Surendettement
5318,Accompagnement
4331,Accompagnement
1554,Surendettement
7530,Surendettement
5393,Surendettement
3713,Surendettement
4937,Surendettement
3122,Surendettement
5406,Accompagnement
732,Surendettement
123,Surendettement
6003,Accompagnement
5539,Surendettement
7366,Surendettement
5396,Surendettement
2338,Accompagnement
2458,Surendettement
868,Surendettement
766,Accompagnement
3685,Surendettement
3582,Accompagnement
23,Surendettement
5162,Accompagnement
2255,Surendettement
3917,Accompagnement
5982,Surendettement
1739,Accompagnement
253,Accompagnement
1233,Surendettement
4848,Accompagnement
1031,Accompagnement
4605,Accompagnement
962,Surendettement
6887,Accompagnement
7214,Accompagnement
3187,Accompagnement
1688,Surendettement
3729,Accompagnement
5943,Accompagnement
7067,Accompagnement
55,Surendettement
4535,Accompagnement
6919,Accompagnement
7633,Accompagnement
4803,Accompagnement
